<?xml version="1.0" encoding="UTF-8"?><MD_Metadata xmlns:gts="http://www.isotc211.org/2005/gts" xmlns:gco="http://www.isotc211.org/2005/gco" xmlns:xalan="http://xml.apache.org/xalan" xmlns:srv="http://www.isotc211.org/2005/srv" xmlns:gmx="http://www.isotc211.org/2005/gmx" xmlns:xlink="http://www.w3.org/1999/xlink" xmlns:xsi="http://www.w3.org/2001/XMLSchema-instance" xmlns:gml="http://www.opengis.net/gml" xmlns="http://www.isotc211.org/2005/gmd">
    <fileIdentifier>
        <gco:CharacterString>391619a31dfc4c2fbda8cb5a7d68fd8e</gco:CharacterString>
    </fileIdentifier>
    <characterSet>
        <MD_CharacterSetCode codeList="http://www.isotc211.org/2005/resources/Codelist/gmxCodelists.xml#MD_CharacterSetCode" codeListValue="utf8" codeSpace="ISOTC211/19115">utf8</MD_CharacterSetCode>
    </characterSet>
    <hierarchyLevel>
        <MD_ScopeCode codeList="http://www.isotc211.org/2005/resources/Codelist/gmxCodelists.xml#MD_ScopeCode" codeListValue="dataset" codeSpace="ISOTC211/19115">dataset</MD_ScopeCode>
    </hierarchyLevel>
    <hierarchyLevelName>
        <gco:CharacterString>dataset</gco:CharacterString>
    </hierarchyLevelName>
    <contact>
        <CI_ResponsibleParty>
            <individualName>
                <gco:CharacterString>Adam Parr</gco:CharacterString>
            </individualName>
            <organisationName>
                <gco:CharacterString>NC DEQ - Division of Energy, Mineral, and Land Resources</gco:CharacterString>
            </organisationName>
            <positionName>
                <gco:CharacterString>Assistant State Mining Engineer</gco:CharacterString>
            </positionName>
            <contactInfo>
                <CI_Contact>
                    <phone>
                        <CI_Telephone>
                            <voice>
                                <gco:CharacterString>919-707-9207</gco:CharacterString>
                            </voice>
                        </CI_Telephone>
                    </phone>
                    <address>
                        <CI_Address>
                            <deliveryPoint>
                                <gco:CharacterString>512 N. Salisbury Street</gco:CharacterString>
                            </deliveryPoint>
                            <city>
                                <gco:CharacterString>Raleigh</gco:CharacterString>
                            </city>
                            <postalCode>
                                <gco:CharacterString>27604</gco:CharacterString>
                            </postalCode>
                            <country>
                                <Country codeList="http://www.iso.org/iso/country_codes/iso_3166_code_lists.htm" codeListValue="US" codeSpace="ISO3166-1">US</Country>
                            </country>
                            <electronicMailAddress>
                                <gco:CharacterString>adam.parr@ncdenr.gov</gco:CharacterString>
                            </electronicMailAddress>
                        </CI_Address>
                    </address>
                    <onlineResource>
                        <CI_OnlineResource>
                            <linkage>
                                <URL>https://deq.nc.gov/about/divisions/energy-mineral-land-resources/energy-mineral-land-permits/mining-program</URL>
                            </linkage>
                        </CI_OnlineResource>
                    </onlineResource>
                </CI_Contact>
            </contactInfo>
            <role>
                <CI_RoleCode codeList="http://www.isotc211.org/2005/resources/Codelist/gmxCodelists.xml#CI_RoleCode" codeListValue="owner" codeSpace="ISOTC211/19115">owner</CI_RoleCode>
            </role>
        </CI_ResponsibleParty>
    </contact>
    <contact>
        <CI_ResponsibleParty>
            <individualName>
                <gco:CharacterString>Adam Parr</gco:CharacterString>
            </individualName>
            <organisationName>
                <gco:CharacterString>NC DEQ - Division of Energy, Mineral, and Land Resources</gco:CharacterString>
            </organisationName>
            <positionName>
                <gco:CharacterString>Assistant State Mining Engineer</gco:CharacterString>
            </positionName>
            <contactInfo>
                <CI_Contact>
                    <phone>
                        <CI_Telephone>
                            <voice>
                                <gco:CharacterString>919-707-9207</gco:CharacterString>
                            </voice>
                        </CI_Telephone>
                    </phone>
                    <address>
                        <CI_Address>
                            <deliveryPoint>
                                <gco:CharacterString>512 N. Salisbury Street</gco:CharacterString>
                            </deliveryPoint>
                            <city>
                                <gco:CharacterString>Raleigh</gco:CharacterString>
                            </city>
                            <postalCode>
                                <gco:CharacterString>27604</gco:CharacterString>
                            </postalCode>
                            <country>
                                <Country codeList="http://www.iso.org/iso/country_codes/iso_3166_code_lists.htm" codeListValue="US" codeSpace="ISO3166-1">US</Country>
                            </country>
                            <electronicMailAddress>
                                <gco:CharacterString>adam.parr@ncdenr.gov</gco:CharacterString>
                            </electronicMailAddress>
                        </CI_Address>
                    </address>
                </CI_Contact>
            </contactInfo>
            <role>
                <CI_RoleCode codeList="http://www.isotc211.org/2005/resources/Codelist/gmxCodelists.xml#CI_RoleCode" codeListValue="pointOfContact" codeSpace="ISOTC211/19115">pointOfContact</CI_RoleCode>
            </role>
        </CI_ResponsibleParty>
    </contact>
    <dateStamp>
        <gco:Date>2021-03-15</gco:Date>
    </dateStamp>
    <metadataStandardName>
        <gco:CharacterString>ISO 19139 Geographic Information - Metadata - Implementation Specification</gco:CharacterString>
    </metadataStandardName>
    <metadataStandardVersion>
        <gco:CharacterString>2007</gco:CharacterString>
    </metadataStandardVersion>
    <referenceSystemInfo>
        <MD_ReferenceSystem>
            <referenceSystemIdentifier>
                <RS_Identifier>
                    <code>
                        <gco:CharacterString>ESRI: 102719</gco:CharacterString>
                    </code>
                </RS_Identifier>
            </referenceSystemIdentifier>
        </MD_ReferenceSystem>
    </referenceSystemInfo>
    <identificationInfo>
        <MD_DataIdentification>
            <citation>
                <CI_Citation>
                    <title>
                        <gco:CharacterString>NC Mining Permits</gco:CharacterString>
                    </title>
                    <date>
                        <CI_Date>
                            <date>
                                <gco:Date>2021-01-29</gco:Date>
                            </date>
                            <dateType>
                                <CI_DateTypeCode codeList="http://www.isotc211.org/2005/resources/Codelist/gmxCodelists.xml#CI_DateTypeCode" codeListValue="publication" codeSpace="ISOTC211/19115">publication</CI_DateTypeCode>
                            </dateType>
                        </CI_Date>
                    </date>
                    <citedResponsibleParty>
                        <CI_ResponsibleParty>
                            <individualName>
                                <gco:CharacterString>Adam Parr</gco:CharacterString>
                            </individualName>
                            <organisationName>
                                <gco:CharacterString>NC DEQ - Div. of Energy, Mineral, and Land Resources - Mining Program</gco:CharacterString>
                            </organisationName>
                            <contactInfo>
                                <CI_Contact>
                                    <phone>
                                        <CI_Telephone>
                                            <voice>
                                                <gco:CharacterString>919-707-9207</gco:CharacterString>
                                            </voice>
                                        </CI_Telephone>
                                    </phone>
                                    <address>
                                        <CI_Address>
                                            <deliveryPoint>
                                                <gco:CharacterString>512 N. Salisbury St.</gco:CharacterString>
                                            </deliveryPoint>
                                            <city>
                                                <gco:CharacterString>Raleigh</gco:CharacterString>
                                            </city>
                                            <postalCode>
                                                <gco:CharacterString>27604</gco:CharacterString>
                                            </postalCode>
                                            <country>
                                                <Country codeList="http://www.iso.org/iso/country_codes/iso_3166_code_lists.htm" codeListValue="US" codeSpace="ISO3166-1">US</Country>
                                            </country>
                                            <electronicMailAddress>
                                                <gco:CharacterString>adam.parr@ncdenr.gov</gco:CharacterString>
                                            </electronicMailAddress>
                                        </CI_Address>
                                    </address>
                                    <onlineResource>
                                        <CI_OnlineResource>
                                            <linkage>
                                                <URL>https://deq.nc.gov/about/divisions/energy-mineral-land-resources/energy-mineral-land-permits/mining-program</URL>
                                            </linkage>
                                        </CI_OnlineResource>
                                    </onlineResource>
                                </CI_Contact>
                            </contactInfo>
                            <role>
                                <CI_RoleCode codeList="http://www.isotc211.org/2005/resources/Codelist/gmxCodelists.xml#CI_RoleCode" codeListValue="owner" codeSpace="ISOTC211/19115">owner</CI_RoleCode>
                            </role>
                        </CI_ResponsibleParty>
                    </citedResponsibleParty>
                    <citedResponsibleParty>
                        <CI_ResponsibleParty>
                            <individualName>
                                <gco:CharacterString>Adam Parr</gco:CharacterString>
                            </individualName>
                            <organisationName>
                                <gco:CharacterString>NC DEQ - Div. of Energy, Mineral, and Land Resources - Mining Program</gco:CharacterString>
                            </organisationName>
                            <contactInfo>
                                <CI_Contact>
                                    <phone>
                                        <CI_Telephone>
                                            <voice>
                                                <gco:CharacterString>919-707-9207</gco:CharacterString>
                                            </voice>
                                        </CI_Telephone>
                                    </phone>
                                    <address>
                                        <CI_Address>
                                            <deliveryPoint>
                                                <gco:CharacterString>512 N. Salisbury St.</gco:CharacterString>
                                            </deliveryPoint>
                                            <city>
                                                <gco:CharacterString>Raleigh</gco:CharacterString>
                                            </city>
                                            <postalCode>
                                                <gco:CharacterString>27604</gco:CharacterString>
                                            </postalCode>
                                            <country>
                                                <Country codeList="http://www.iso.org/iso/country_codes/iso_3166_code_lists.htm" codeListValue="US" codeSpace="ISO3166-1">US</Country>
                                            </country>
                                            <electronicMailAddress>
                                                <gco:CharacterString>adam.parr@ncdenr.gov</gco:CharacterString>
                                            </electronicMailAddress>
                                        </CI_Address>
                                    </address>
                                    <onlineResource>
                                        <CI_OnlineResource>
                                            <linkage>
                                                <URL>https://deq.nc.gov/about/divisions/energy-mineral-land-resources/energy-mineral-land-permits/mining-program</URL>
                                            </linkage>
                                        </CI_OnlineResource>
                                    </onlineResource>
                                </CI_Contact>
                            </contactInfo>
                            <role>
                                <CI_RoleCode codeList="http://www.isotc211.org/2005/resources/Codelist/gmxCodelists.xml#CI_RoleCode" codeListValue="pointOfContact" codeSpace="ISOTC211/19115">pointOfContact</CI_RoleCode>
                            </role>
                        </CI_ResponsibleParty>
                    </citedResponsibleParty>
                </CI_Citation>
            </citation>
            <abstract>
                <gco:CharacterString>This layer shows the Pending, Active, Inactive, Release, and Revoked Mining permits in North Carolina.  There is additional information within the dataset that includes commodity type, and permitted acres.  Each permit is labeled with the permittee and the name of the mine.  This data was last updated, August 4, 2023 by Adam Parr.  The purpose of this layer is to show the statewide mining permits as provided by DEMLRData is maintained by North Carolina Department of Environmental Quality, Division of Energy, Mineral and Land Resources, Mining Program.</gco:CharacterString>
            </abstract>
            <purpose>
                <gco:CharacterString>This layer shows the Pending, Active, Inactive, Release, and Revoked Mining permits in North Carolina.</gco:CharacterString>
            </purpose>
            <credit>
                <gco:CharacterString>NCDEQ - Division of Energy, Mineral, and Land Resources</gco:CharacterString>
            </credit>
            <descriptiveKeywords>
                <MD_Keywords>
                    <keyword>
                        <gco:CharacterString>mining</gco:CharacterString>
                    </keyword>
                    <keyword>
                        <gco:CharacterString>mine permit</gco:CharacterString>
                    </keyword>
                    <keyword>
                        <gco:CharacterString>mine</gco:CharacterString>
                    </keyword>
                    <keyword>
                        <gco:CharacterString>North Carolina</gco:CharacterString>
                    </keyword>
                    <keyword>
                        <gco:CharacterString>NC</gco:CharacterString>
                    </keyword>
                    <keyword>
                        <gco:CharacterString>NCDEQ</gco:CharacterString>
                    </keyword>
                    <keyword>
                        <gco:CharacterString>feature service</gco:CharacterString>
                    </keyword>
                    <keyword>
                        <gco:CharacterString>regulatory</gco:CharacterString>
                    </keyword>
                    <keyword>
                        <gco:CharacterString>DEMLR</gco:CharacterString>
                    </keyword>
                    <type>
                        <MD_KeywordTypeCode codeList="http://www.isotc211.org/2005/resources/Codelist/gmxCodelists.xml#MD_KeywordTypeCode" codeListValue="theme" codeSpace="ISOTC211/19115">theme</MD_KeywordTypeCode>
                    </type>
                </MD_Keywords>
            </descriptiveKeywords>
            <resourceConstraints>
                <MD_Constraints>
                    <useLimitation>
                        <gco:CharacterString>The North Carolina Department of Environmental Quality shall not be held liable for any errors in this metadata.  This includes errors of omission, commission, errors concerning the content of the data, and relative and positional accuracy of the data.  These data cannot be construed to be a legal document.  Primary sources from which these data were compiled must be consulted for verification of information contained in these data.</gco:CharacterString>
                    </useLimitation>
                </MD_Constraints>
            </resourceConstraints>
            <language>
                <LanguageCode codeList="http://www.loc.gov/standards/iso639-2/php/code_list.php" codeListValue="eng" codeSpace="ISO639-2">eng</LanguageCode>
            </language>
            <characterSet>
                <MD_CharacterSetCode codeList="http://www.isotc211.org/2005/resources/Codelist/gmxCodelists.xml#MD_CharacterSetCode" codeListValue="utf8" codeSpace="ISOTC211/19115">utf8</MD_CharacterSetCode>
            </characterSet>
            <topicCategory>
                <MD_TopicCategoryCode>environment</MD_TopicCategoryCode>
            </topicCategory>
            <topicCategory>
                <MD_TopicCategoryCode>geoscientificInformation</MD_TopicCategoryCode>
            </topicCategory>
            <extent>
                <EX_Extent>
                    <geographicElement>
                        <EX_GeographicBoundingBox>
                            <extentTypeCode>
                                <gco:Boolean>true</gco:Boolean>
                            </extentTypeCode>
                            <westBoundLongitude>
                                <gco:Decimal>-84.5321</gco:Decimal>
                            </westBoundLongitude>
                            <eastBoundLongitude>
                                <gco:Decimal>-75.1718</gco:Decimal>
                            </eastBoundLongitude>
                            <southBoundLatitude>
                                <gco:Decimal>33.6439</gco:Decimal>
                            </southBoundLatitude>
                            <northBoundLatitude>
                                <gco:Decimal>36.6261</gco:Decimal>
                            </northBoundLatitude>
                        </EX_GeographicBoundingBox>
                    </geographicElement>
                    <temporalElement>
                        <EX_TemporalExtent>
                            <extent>
                                <gml:TimeInstant gml:id="N65767">
                                    <gml:timePosition>2021-01-29T00:00:00+00:00</gml:timePosition>
                                </gml:TimeInstant>
                            </extent>
                        </EX_TemporalExtent>
                    </temporalElement>
                </EX_Extent>
            </extent>
        </MD_DataIdentification>
    </identificationInfo>
    <contentInfo>
        <MD_FeatureCatalogueDescription>
            <complianceCode>
                <gco:Boolean>true</gco:Boolean>
            </complianceCode>
            <language>
                <LanguageCode codeList="http://www.loc.gov/standards/iso639-2/php/code_list.php" codeListValue="eng" codeSpace="ISO639-2">eng</LanguageCode>
            </language>
            <includedWithDataset>
                <gco:Boolean>true</gco:Boolean>
            </includedWithDataset>
            <featureCatalogueCitation>
                <CI_Citation>
                    <title>
                        <gco:CharacterString>NC Mining Permits</gco:CharacterString>
                    </title>
                    <date>
                        <CI_Date>
                            <date>
                                <gco:Date>2021-01-29</gco:Date>
                            </date>
                            <dateType>
                                <CI_DateTypeCode codeList="http://www.isotc211.org/2005/resources/Codelist/gmxCodelists.xml#CI_DateTypeCode" codeListValue="publication" codeSpace="ISOTC211/19115">publication</CI_DateTypeCode>
                            </dateType>
                        </CI_Date>
                    </date>
                </CI_Citation>
            </featureCatalogueCitation>
        </MD_FeatureCatalogueDescription>
    </contentInfo>
    <distributionInfo>
        <MD_Distribution>
            <transferOptions>
                <MD_DigitalTransferOptions>
                    <onLine>
                        <CI_OnlineResource>
                            <linkage>
                                <URL>https://services2.arcgis.com/kCu40SDxsCGcuUWO/arcgis/rest/services/NC_Mining_Permits/FeatureServer</URL>
                            </linkage>
                        </CI_OnlineResource>
                    </onLine>
                </MD_DigitalTransferOptions>
            </transferOptions>
        </MD_Distribution>
    </distributionInfo>
    <dataQualityInfo>
        <DQ_DataQuality>
            <scope>
                <DQ_Scope>
                    <level>
                        <MD_ScopeCode codeList="http://www.isotc211.org/2005/resources/Codelist/gmxCodelists.xml#MD_ScopeCode" codeListValue="service" codeSpace="ISOTC211/19115">service</MD_ScopeCode>
                    </level>
                    <levelDescription>
                        <MD_ScopeDescription>
                            <attributes uuidref="ArcGIS Online"/>
                        </MD_ScopeDescription>
                    </levelDescription>
                </DQ_Scope>
            </scope>
        </DQ_DataQuality>
    </dataQualityInfo>
</MD_Metadata>
